{
  "balance": 1000.7245253290067,
  "realized_pnl": 0.724525329006612,
  "open_positions": 4,
  "daily_loss_limit": -20
}