{
  "balance": 1013.9709484509045,
  "realized_pnl": 13.970948450904254,
  "open_positions": 6,
  "daily_loss_limit": -20
}