{
  "balance": 1012.0018714941353,
  "realized_pnl": 12.001871494135122,
  "open_positions": 4,
  "daily_loss_limit": -20
}