{
  "balance": 1018.4811126805756,
  "realized_pnl": 18.481112680575375,
  "open_positions": 3,
  "daily_loss_limit": -20
}