{
  "balance": 1006.3623856834017,
  "realized_pnl": 6.362385683401643,
  "open_positions": 2,
  "daily_loss_limit": -20
}