{
  "balance": 1009.5130382703029,
  "realized_pnl": 9.513038270302834,
  "open_positions": 4,
  "daily_loss_limit": -20
}