{
  "balance": 1022.10790690924,
  "realized_pnl": 22.1079069092396,
  "open_positions": 5,
  "daily_loss_limit": -20
}