{
  "balance": 1019.6619136278159,
  "realized_pnl": 19.66191362781559,
  "open_positions": 5,
  "daily_loss_limit": -20
}