{
  "balance": 1010.7889247619307,
  "realized_pnl": 10.788924761930485,
  "open_positions": 2,
  "daily_loss_limit": -20
}