{
  "balance": 959.136690731606,
  "realized_pnl": -40.86330926839437,
  "open_positions": 3,
  "daily_loss_limit": -20
}