{
  "balance": 1020.8828474922565,
  "realized_pnl": 20.882847492256115,
  "open_positions": 5,
  "daily_loss_limit": -20
}