{
  "balance": 1003.6047874881289,
  "realized_pnl": 3.60478748812879,
  "open_positions": 6,
  "daily_loss_limit": -20
}