{
  "balance": 1004.4067090122871,
  "realized_pnl": 4.406709012287061,
  "open_positions": 5,
  "daily_loss_limit": -20
}