{
  "balance": 1002.4019052018914,
  "realized_pnl": 2.4019052018913776,
  "open_positions": 6,
  "daily_loss_limit": -20
}