{
  "balance": 1001.93450098762,
  "realized_pnl": 1.9345009876198844,
  "open_positions": 3,
  "daily_loss_limit": -20
}