{
  "balance": 1010.7245253271951,
  "realized_pnl": 10.724525327195053,
  "open_positions": 5,
  "daily_loss_limit": -20
}