{
  "balance": 1009.5774318138307,
  "realized_pnl": 9.577431813830495,
  "open_positions": 1,
  "daily_loss_limit": -20
}