{
  "balance": 985.3465721690822,
  "realized_pnl": -14.653427830918359,
  "open_positions": 2,
  "daily_loss_limit": -20
}