{
  "balance": 1013.1074699937747,
  "realized_pnl": 13.10746999377426,
  "open_positions": 4,
  "daily_loss_limit": -20
}