{
  "balance": 975.1499530328105,
  "realized_pnl": -24.850046967189996,
  "open_positions": 3,
  "daily_loss_limit": -20
}