{
  "balance": 966.5686327684004,
  "realized_pnl": -33.43136723160001,
  "open_positions": 3,
  "daily_loss_limit": -20
}