{
  "balance": 1004.1021201295129,
  "realized_pnl": 4.102120129512475,
  "open_positions": 3,
  "daily_loss_limit": -20
}