{
  "balance": 1017.2151667657853,
  "realized_pnl": 17.215166765784986,
  "open_positions": 4,
  "daily_loss_limit": -20
}