{
  "balance": 994.0610989281982,
  "realized_pnl": -5.9389010718021815,
  "open_positions": 3,
  "daily_loss_limit": -20
}