{
  "balance": 1021.7402387835517,
  "realized_pnl": 21.74023878355148,
  "open_positions": 3,
  "daily_loss_limit": -20
}