{
  "balance": 949.1960797421644,
  "realized_pnl": -50.80392025783593,
  "open_positions": 1,
  "daily_loss_limit": -20
}