{
  "balance": 1020.9254575779441,
  "realized_pnl": 20.925457577943906,
  "open_positions": 3,
  "daily_loss_limit": -20
}