{
  "balance": 1005.6063001950745,
  "realized_pnl": 5.606300195074449,
  "open_positions": 6,
  "daily_loss_limit": -20
}