{
  "balance": 1011.5309842077663,
  "realized_pnl": 11.530984207766034,
  "open_positions": 5,
  "daily_loss_limit": -20
}