{
  "balance": 1008.3130382982988,
  "realized_pnl": 8.313038298298704,
  "open_positions": 5,
  "daily_loss_limit": -20
}