{
  "balance": 1015.1877122170491,
  "realized_pnl": 15.187712217048826,
  "open_positions": 6,
  "daily_loss_limit": -20
}