{
  "balance": 1001.199991084734,
  "realized_pnl": 1.1999910847340387,
  "open_positions": 5,
  "daily_loss_limit": -20
}