{
  "balance": 1017.2604002003369,
  "realized_pnl": 17.260400200336697,
  "open_positions": 2,
  "daily_loss_limit": -20
}