{
  "balance_usdt": 992.3772661304448,
  "realized_pnl": -7.622733869555194,
  "open_positions": 4,
  "daily_loss_limit": -20
}