{
  "balance_usdt": 990.7919989804557,
  "realized_pnl": -9.208001019544305,
  "open_positions": 3,
  "daily_loss_limit": -20
}