{
  "balance_usdt": 1000.7999997499917,
  "realized_pnl": 0.7999997499916829,
  "open_positions": 1,
  "daily_loss_limit": -20
}