{
  "balance_usdt": 990.9899836847258,
  "realized_pnl": -9.010016315274317,
  "open_positions": 1,
  "daily_loss_limit": -20
}