{
  "balance_usdt": 984.8186893999847,
  "realized_pnl": -15.181310600015456,
  "open_positions": 2,
  "daily_loss_limit": -20
}