{
  "balance_usdt": 993.1698997306165,
  "realized_pnl": -6.830100269383528,
  "open_positions": 3,
  "daily_loss_limit": -20
}