{
  "balance_usdt": 987.5777573211271,
  "realized_pnl": -12.422242678873019,
  "open_positions": 0,
  "daily_loss_limit": -20
}