{
  "balance_usdt": 1007.9999999995977,
  "realized_pnl": 7.999999999597663,
  "open_positions": 5,
  "daily_loss_limit": -20
}