{
  "balance_usdt": 983.2381980536757,
  "realized_pnl": -16.761801946324432,
  "open_positions": 2,
  "daily_loss_limit": -20
}