{
  "balance_usdt": 985.6065443531356,
  "realized_pnl": -14.393455646864531,
  "open_positions": 2,
  "daily_loss_limit": -20
}